span	word	percentage
1600-1699	acid	0.89
1600-1699	acide	0.32
1600-1699	acidity	0.07
1600-1699	acidnesse	0.04
1600-1699	appetize	0.07
1600-1699	aromatise	0.04
1600-1699	bitter	3.75
1600-1699	bittere	0.07
1600-1699	bitterness	0.96
1600-1699	dainty	0.46
1600-1699	delectable	0.14
1600-1699	delicacy	0.11
1600-1699	delicious	1.00
1600-1699	digestible	0.14
1600-1699	disgust	0.21
1600-1699	disgusting	0.11
1600-1699	displease	0.04
1600-1699	distaste	0.14
1600-1699	distasteful	0.25
1600-1699	drank	0.86
1600-1699	dranke	0.04
1600-1699	drink	10.56
1600-1699	drinke	0.21
1600-1699	drinketh	0.11
1600-1699	drunk	1.07
1600-1699	drunke	0.07
1600-1699	eat	18.27
1600-1699	eate	0.11
1600-1699	eaten	3.10
1600-1699	flavor	0.21
1600-1699	flavour	0.29
1600-1699	gust	0.11
1600-1699	indigestible	0.07
1600-1699	insipid	0.93
1600-1699	insipidity	0.07
1600-1699	insulse	0.07
1600-1699	juycy	0.14
1600-1699	loathsome	0.07
1600-1699	lushiousness	0.04
1600-1699	mellow	0.07
1600-1699	palatable	0.50
1600-1699	partake	0.43
1600-1699	partook	0.04
1600-1699	piquant	0.07
1600-1699	pungent	0.36
1600-1699	rancid	0.25
1600-1699	rank	0.50
1600-1699	rankly	0.07
1600-1699	rankness	0.18
1600-1699	relish	0.89
1600-1699	rellish	0.04
1600-1699	rellishe	0.07
1600-1699	salt	0.07
1600-1699	sap	0.04
1600-1699	sapid	0.07
1600-1699	sapidity	0.04
1600-1699	sapor	0.04
1600-1699	savor	0.04
1600-1699	savory	0.14
1600-1699	savour	0.61
1600-1699	savoury	2.82
1600-1699	season	7.17
1600-1699	seasoneth	0.11
1600-1699	sharp	2.46
1600-1699	sharpness	0.14
1600-1699	sip	0.04
1600-1699	smack	0.11
1600-1699	softnesse	0.04
1600-1699	sour	0.96
1600-1699	soure	0.07
1600-1699	sower	0.93
1600-1699	sowerness	0.04
1600-1699	sowre	0.21
1600-1699	spicy	0.21
1600-1699	stale	1.07
1600-1699	sweet	18.34
1600-1699	sweete	0.11
1600-1699	sweeten	2.46
1600-1699	sweetest	0.07
1600-1699	sweetne	0.14
1600-1699	sweetness	0.25
1600-1699	sweetnesse	0.11
1600-1699	swet	0.07
1600-1699	swete	0.04
1600-1699	tart	0.68
1600-1699	tartness	0.04
1600-1699	tast	1.46
1600-1699	tastable	0.07
1600-1699	taste	9.28
1600-1699	tasteful	0.07
1600-1699	tastefull	0.07
1600-1699	tasteless	0.07
1600-1699	taster	0.07
1600-1699	tasteth	0.04
1600-1699	toste	0.04
1600-1699	unsavoury	0.36
1600-1699	unsweet	0.07
1700-1799	acid	0.63
1700-1799	acidity	0.17
1700-1799	appetency	0.04
1700-1799	ast	0.02
1700-1799	atende	0.01
1700-1799	bitter	3.66
1700-1799	bitterer	0.02
1700-1799	bitterish	0.02
1700-1799	bitterness	0.17
1700-1799	boor	0.02
1700-1799	dainty	0.20
1700-1799	delicacy	0.39
1700-1799	delicious	1.68
1700-1799	deliciously	0.02
1700-1799	digestible	0.02
1700-1799	dine	0.02
1700-1799	disgust	0.81
1700-1799	disgustful	0.05
1700-1799	disgusting	1.01
1700-1799	distaste	0.04
1700-1799	distasteful	0.05
1700-1799	drank	6.95
1700-1799	drink	35.23
1700-1799	drinkest	0.01
1700-1799	drunk	1.46
1700-1799	eat	15.26
1700-1799	eatee	0.01
1700-1799	eaten	1.19
1700-1799	feavor	0.01
1700-1799	flavor	0.95
1700-1799	flavour	1.30
1700-1799	flavourless	0.02
1700-1799	gust	0.01
1700-1799	honeysweet	0.02
1700-1799	indigestible	0.07
1700-1799	insipid	1.71
1700-1799	insipidity	0.02
1700-1799	juicy	0.17
1700-1799	loathe	0.01
1700-1799	loathsome	0.04
1700-1799	mellow	0.07
1700-1799	palatable	0.41
1700-1799	palate	0.01
1700-1799	palateable	0.02
1700-1799	partake	0.60
1700-1799	partook	0.18
1700-1799	poignant	0.01
1700-1799	pungency	0.11
1700-1799	pungent	0.65
1700-1799	racy	0.02
1700-1799	ranch	0.02
1700-1799	rancid	0.31
1700-1799	rancidity	0.05
1700-1799	rank	0.31
1700-1799	relish	0.85
1700-1799	salt	0.10
1700-1799	saltness	0.02
1700-1799	sapid	0.10
1700-1799	sapidity	0.01
1700-1799	sapor	0.01
1700-1799	savor	0.05
1700-1799	savory	0.20
1700-1799	savour	0.17
1700-1799	savoury	0.31
1700-1799	season	0.49
1700-1799	sharp	0.20
1700-1799	sharpness	0.01
1700-1799	smack	0.04
1700-1799	smell	0.11
1700-1799	sour	1.11
1700-1799	sourest	0.02
1700-1799	sourish	0.02
1700-1799	sourness	0.01
1700-1799	sow	0.04
1700-1799	sower	0.12
1700-1799	sowr	0.02
1700-1799	sowre	0.02
1700-1799	spicy	0.10
1700-1799	stale	0.52
1700-1799	sup	0.05
1700-1799	swallow	0.02
1700-1799	sweet	5.69
1700-1799	sweete	0.01
1700-1799	sweeten	0.71
1700-1799	sweetener	0.01
1700-1799	sweetest	0.02
1700-1799	sweetish	0.07
1700-1799	sweetness	0.25
1700-1799	swete	0.05
1700-1799	tart	0.02
1700-1799	tast	0.07
1700-1799	taste	10.71
1700-1799	tasteful	0.02
1700-1799	tasteless	0.37
1700-1799	tasty	0.02
1700-1799	toothsome	0.02
1700-1799	uncourtly	0.02
1700-1799	unintereste	0.02
1700-1799	unpalatable	0.22
1700-1799	unpalateable	0.04
1700-1799	unpleasant	0.02
1700-1799	unsavory	0.02
1700-1799	unsavoury	0.21
1700-1799	unsweetene	0.26
1700-1799	unsweetned	0.02
1800-1899	acid	0.49
1800-1899	acidity	0.18
1800-1899	acidous	0.00
1800-1899	aftertaste	0.00
1800-1899	antique	0.00
1800-1899	appetise	0.06
1800-1899	appetiser	0.00
1800-1899	appetize	0.25
1800-1899	appetizingly	0.00
1800-1899	asperity	0.00
1800-1899	ate	0.00
1800-1899	atest	0.00
1800-1899	attractiveness	0.00
1800-1899	away	0.00
1800-1899	bility	0.00
1800-1899	bitte	0.00
1800-1899	bittenress	0.00
1800-1899	bitter	3.93
1800-1899	bitterer	0.01
1800-1899	bitterish	0.00
1800-1899	bitterness	0.42
1800-1899	bitternesse	0.00
1800-1899	bittersweet	0.02
1800-1899	bless	0.00
1800-1899	brake	0.00
1800-1899	cling	0.00
1800-1899	cloy	0.00
1800-1899	coarseness	0.00
1800-1899	consume	0.00
1800-1899	cook	0.00
1800-1899	corrupt	0.00
1800-1899	crab	0.00
1800-1899	crack	0.00
1800-1899	creamy	0.00
1800-1899	cut	0.00
1800-1899	cuteness	0.00
1800-1899	daintier	0.00
1800-1899	daintiest	0.00
1800-1899	daintily	0.00
1800-1899	daintiness	0.00
1800-1899	dainty	1.32
1800-1899	delectable	0.09
1800-1899	delicacy	0.30
1800-1899	delicat	0.00
1800-1899	delicious	4.15
1800-1899	deliciously	0.05
1800-1899	deliciousness	0.00
1800-1899	delightful	0.00
1800-1899	deuour	0.00
1800-1899	devour	0.02
1800-1899	devouring	0.00
1800-1899	digest	0.00
1800-1899	digestible	0.21
1800-1899	dine	0.01
1800-1899	disagreeable	0.00
1800-1899	disgest	0.00
1800-1899	disgestin	0.00
1800-1899	disguise	0.00
1800-1899	disgust	1.66
1800-1899	disgustful	0.01
1800-1899	disgusting	2.19
1800-1899	disgustingly	0.01
1800-1899	dish	0.00
1800-1899	displease	0.00
1800-1899	distaste	0.03
1800-1899	distasteful	0.10
1800-1899	distress	0.00
1800-1899	drank	1.59
1800-1899	dranke	0.00
1800-1899	drincken	0.00
1800-1899	drink	10.36
1800-1899	drinkable	0.00
1800-1899	drinke	0.04
1800-1899	drinkest	0.00
1800-1899	drinketh	0.03
1800-1899	drinkin	0.00
1800-1899	drunk	0.66
1800-1899	drunke	0.02
1800-1899	drunken	0.01
1800-1899	drynke	0.00
1800-1899	drynken	0.00
1800-1899	eat	18.35
1800-1899	eatable	0.00
1800-1899	eate	0.05
1800-1899	eatee	0.00
1800-1899	eaten	1.86
1800-1899	eateth	0.05
1800-1899	exquisite	0.01
1800-1899	exquisiteness	0.00
1800-1899	farourite	0.00
1800-1899	fastidious	0.00
1800-1899	feast	0.00
1800-1899	fed	0.00
1800-1899	feed	0.00
1800-1899	ffer	0.00
1800-1899	fill	0.02
1800-1899	fishy	0.00
1800-1899	fla	0.00
1800-1899	flavedo	0.00
1800-1899	flaver	0.00
1800-1899	flavor	1.95
1800-1899	flavoring	0.00
1800-1899	flavorless	0.03
1800-1899	flavorous	0.01
1800-1899	flavour	2.35
1800-1899	flavouring	0.01
1800-1899	flavourless	0.04
1800-1899	flavous	0.00
1800-1899	flippant	0.00
1800-1899	foretaste	0.01
1800-1899	fragrance	0.00
1800-1899	fragrancy	0.00
1800-1899	fruity	0.00
1800-1899	gamy	0.00
1800-1899	glamour	0.00
1800-1899	gnaw	0.00
1800-1899	good	0.04
1800-1899	goodness	0.00
1800-1899	gust	0.01
1800-1899	gustful	0.00
1800-1899	gusty	0.01
1800-1899	haul	0.00
1800-1899	heartily	0.00
1800-1899	hodour	0.00
1800-1899	hominy	0.00
1800-1899	hue	0.00
1800-1899	hungry	0.00
1800-1899	imbitter	0.00
1800-1899	impressive	0.00
1800-1899	indigestibility	0.00
1800-1899	indigestible	0.51
1800-1899	indigestive	0.00
1800-1899	insipid	1.05
1800-1899	insipide	0.00
1800-1899	insipidity	0.11
1800-1899	intoxicate	0.00
1800-1899	juicier	0.00
1800-1899	juiciest	0.00
1800-1899	juiciness	0.00
1800-1899	juicy	0.69
1800-1899	knack	0.00
1800-1899	less	0.00
1800-1899	lick	0.00
1800-1899	like	0.00
1800-1899	loathe	0.01
1800-1899	loathsome	0.01
1800-1899	longsweet	0.00
1800-1899	lusciousness	0.00
1800-1899	meaty	0.00
1800-1899	mellow	0.15
1800-1899	mellower	0.00
1800-1899	nauseate	0.00
1800-1899	one	0.00
1800-1899	otherness	0.00
1800-1899	palata	0.00
1800-1899	palatability	0.02
1800-1899	palatable	1.08
1800-1899	palatableness	0.01
1800-1899	palatably	0.01
1800-1899	palateable	0.01
1800-1899	palatial	0.02
1800-1899	pall	0.00
1800-1899	partake	0.88
1800-1899	partaken	0.09
1800-1899	participate	0.00
1800-1899	partook	0.16
1800-1899	pepper	0.00
1800-1899	peppery	0.01
1800-1899	piquancy	0.01
1800-1899	piquant	0.05
1800-1899	piquante	0.02
1800-1899	pleasant	0.00
1800-1899	pledge	0.00
1800-1899	poignant	0.01
1800-1899	portable	0.00
1800-1899	pulpy	0.00
1800-1899	pun	0.00
1800-1899	pungency	0.05
1800-1899	pungent	1.10
1800-1899	puny	0.00
1800-1899	quaff	0.01
1800-1899	raciness	0.00
1800-1899	racy	0.04
1800-1899	ranch	0.00
1800-1899	rancid	0.23
1800-1899	rancidity	0.02
1800-1899	rancor	0.00
1800-1899	rancour	0.01
1800-1899	rank	0.27
1800-1899	rankenesse	0.00
1800-1899	rankness	0.00
1800-1899	relish	1.08
1800-1899	relishable	0.01
1800-1899	relishful	0.00
1800-1899	relishin	0.00
1800-1899	relishingly	0.00
1800-1899	rellish	0.00
1800-1899	retaste	0.00
1800-1899	richness	0.00
1800-1899	salt	0.09
1800-1899	saltish	0.00
1800-1899	saltless	0.00
1800-1899	saltness	0.05
1800-1899	salty	0.01
1800-1899	salutary	0.01
1800-1899	sapere	0.00
1800-1899	sapid	0.02
1800-1899	sapidity	0.00
1800-1899	sapor	0.00
1800-1899	satiety	0.00
1800-1899	sauor	0.00
1800-1899	sauorie	0.00
1800-1899	sauory	0.00
1800-1899	sauour	0.01
1800-1899	savant	0.01
1800-1899	savor	0.20
1800-1899	savorilly	0.00
1800-1899	savoriness	0.01
1800-1899	savorless	0.01
1800-1899	savory	0.60
1800-1899	savour	0.30
1800-1899	savourer	0.00
1800-1899	savourie	0.01
1800-1899	savouriness	0.00
1800-1899	savourless	0.00
1800-1899	savoury	1.05
1800-1899	season	2.30
1800-1899	seasonal	0.00
1800-1899	seasoning	0.00
1800-1899	selfishness	0.00
1800-1899	sharp	0.32
1800-1899	sharpe	0.00
1800-1899	sharpness	0.02
1800-1899	shocking	0.00
1800-1899	shorten	0.00
1800-1899	sicken	0.00
1800-1899	sip	0.01
1800-1899	smack	0.09
1800-1899	smacke	0.00
1800-1899	smacky	0.00
1800-1899	smell	0.03
1800-1899	snorin	0.00
1800-1899	sour	2.22
1800-1899	soure	0.01
1800-1899	sourer	0.01
1800-1899	sourest	0.01
1800-1899	sourish	0.01
1800-1899	sourly	0.00
1800-1899	sourness	0.05
1800-1899	sowen	0.00
1800-1899	sower	0.31
1800-1899	sowere	0.00
1800-1899	sowre	0.02
1800-1899	sowrid	0.00
1800-1899	sowse	0.00
1800-1899	spicy	0.19
1800-1899	stale	1.35
1800-1899	staleness	0.00
1800-1899	staler	0.00
1800-1899	sting	0.00
1800-1899	stink	0.00
1800-1899	strain	0.00
1800-1899	strong	0.00
1800-1899	sucrée	0.00
1800-1899	sugarless	0.00
1800-1899	sup	0.01
1800-1899	surfeit	0.00
1800-1899	swallow	0.04
1800-1899	swary	0.00
1800-1899	sweet	8.68
1800-1899	sweete	0.03
1800-1899	sweeten	0.72
1800-1899	sweetener	0.01
1800-1899	sweetest	0.07
1800-1899	sweetish	0.01
1800-1899	sweetn	0.00
1800-1899	sweetne	0.01
1800-1899	sweetness	0.42
1800-1899	sweetnesse	0.01
1800-1899	swete	0.02
1800-1899	swetnesse	0.00
1800-1899	swéet	0.01
1800-1899	swéeter	0.00
1800-1899	swéetnesse	0.00
1800-1899	swét	0.00
1800-1899	swéte	0.00
1800-1899	taasten	0.00
1800-1899	tang	0.01
1800-1899	tart	0.17
1800-1899	tarter	0.00
1800-1899	tartness	0.01
1800-1899	tast	0.05
1800-1899	taste	16.69
1800-1899	tasteful	0.28
1800-1899	tastefully	0.35
1800-1899	tastefulness	0.00
1800-1899	tasteless	0.65
1800-1899	tastelessness	0.01
1800-1899	taster	0.01
1800-1899	tasteth	0.00
1800-1899	tastily	0.00
1800-1899	tastin	0.00
1800-1899	tasting	0.00
1800-1899	tasty	0.17
1800-1899	tobaccoe	0.00
1800-1899	tone	0.00
1800-1899	toothe	0.00
1800-1899	toothful	0.00
1800-1899	toothsome	0.15
1800-1899	toothsomeness	0.00
1800-1899	touch	0.00
1800-1899	uneaten	0.01
1800-1899	unintereste	0.03
1800-1899	unlearn	0.00
1800-1899	unpalatable	0.44
1800-1899	unpalateable	0.00
1800-1899	unpleasant	0.00
1800-1899	unsatisfye	0.01
1800-1899	unsavore	0.00
1800-1899	unsavory	0.21
1800-1899	unsavoured	0.00
1800-1899	unsavouriness	0.00
1800-1899	unsavoury	0.23
1800-1899	unseasone	0.00
1800-1899	unspare	0.00
1800-1899	unsweet	0.00
1800-1899	unsweetene	0.07
1800-1899	vnsauorie	0.00
1800-1899	warm	0.00
1800-1899	waste	0.00
1800-1899	wholese	0.00
1900-1999	3weet	0.00
1900-1999	acid	0.27
1900-1999	acidity	0.21
1900-1999	aftertaste	0.01
1900-1999	appetise	0.10
1900-1999	appetiser	0.00
1900-1999	appetize	0.47
1900-1999	appetizer	0.01
1900-1999	appetizingly	0.01
1900-1999	aroma	0.00
1900-1999	arouse	0.00
1900-1999	asperity	0.00
1900-1999	assimilable	0.00
1900-1999	ate	0.00
1900-1999	atende	0.00
1900-1999	attraction	0.00
1900-1999	avin	0.00
1900-1999	away	0.01
1900-1999	bit	0.01
1900-1999	bitter	3.42
1900-1999	bitterer	0.01
1900-1999	bitterness	0.34
1900-1999	bittersweet	0.01
1900-1999	calorie	0.00
1900-1999	carouse	0.00
1900-1999	charming	0.00
1900-1999	chowsweet	0.00
1900-1999	classy	0.00
1900-1999	cloy	0.01
1900-1999	colorless	0.00
1900-1999	colour	0.01
1900-1999	condense	0.02
1900-1999	consume	0.00
1900-1999	contour	0.00
1900-1999	cook	0.01
1900-1999	coolness	0.00
1900-1999	cornflour	0.01
1900-1999	crab	0.00
1900-1999	cream	0.01
1900-1999	creamy	0.00
1900-1999	daintiest	0.01
1900-1999	daintily	0.01
1900-1999	daintiness	0.00
1900-1999	dainty	1.28
1900-1999	delectable	0.27
1900-1999	delicacy	0.19
1900-1999	delicious	3.90
1900-1999	deliciously	0.05
1900-1999	deliciousness	0.02
1900-1999	delightfully	0.00
1900-1999	devour	0.02
1900-1999	devouring	0.00
1900-1999	digestible	0.14
1900-1999	dine	0.00
1900-1999	disagreeable	0.01
1900-1999	disguise	0.00
1900-1999	disgust	1.52
1900-1999	disgustedly	0.00
1900-1999	disgustful	0.00
1900-1999	disgusting	1.70
1900-1999	disgustingly	0.01
1900-1999	displease	0.00
1900-1999	distaste	0.06
1900-1999	distasteful	0.11
1900-1999	distastefully	0.00
1900-1999	drank	1.39
1900-1999	drink	9.43
1900-1999	drinke	0.01
1900-1999	drinken	0.00
1900-1999	drinkest	0.01
1900-1999	drinketh	0.02
1900-1999	drinking	0.00
1900-1999	drinkst	0.00
1900-1999	drunk	0.62
1900-1999	drunke	0.00
1900-1999	drunken	0.02
1900-1999	eat	20.03
1900-1999	eatable	0.00
1900-1999	eate	0.01
1900-1999	eaten	1.73
1900-1999	eateth	0.02
1900-1999	eatin	0.00
1900-1999	eating	0.00
1900-1999	ebook	0.00
1900-1999	fast	0.00
1900-1999	fastidious	0.01
1900-1999	feed	0.00
1900-1999	fill	0.03
1900-1999	flav	0.01
1900-1999	flavor	1.75
1900-1999	flavorless	0.02
1900-1999	flavorous	0.01
1900-1999	flavory	0.00
1900-1999	flavour	3.85
1900-1999	flavouring	0.06
1900-1999	flavourless	0.04
1900-1999	flavoury	0.01
1900-1999	flavout	0.00
1900-1999	fluffy	0.00
1900-1999	foretaste	0.00
1900-1999	fragrance	0.00
1900-1999	fritter	0.00
1900-1999	fruitflavoure	0.00
1900-1999	frumenty	0.00
1900-1999	glamour	0.00
1900-1999	gnaw	0.00
1900-1999	goin	0.00
1900-1999	good	0.07
1900-1999	gust	0.01
1900-1999	gustable	0.01
1900-1999	gustless	0.00
1900-1999	gusty	0.01
1900-1999	heave	0.00
1900-1999	hike	0.00
1900-1999	homey	0.00
1900-1999	imbibe	0.00
1900-1999	imbitter	0.00
1900-1999	impalatable	0.00
1900-1999	indigestibility	0.01
1900-1999	indigestible	0.33
1900-1999	indigestibleness	0.00
1900-1999	insidious	0.00
1900-1999	insipid	0.56
1900-1999	insipidity	0.05
1900-1999	juicier	0.01
1900-1999	juiciest	0.00
1900-1999	juicy	0.71
1900-1999	jute	0.00
1900-1999	keen	0.00
1900-1999	keener	0.00
1900-1999	knack	0.00
1900-1999	like	0.00
1900-1999	loathe	0.01
1900-1999	loathsome	0.00
1900-1999	maatless	0.00
1900-1999	meat	0.00
1900-1999	meaty	0.00
1900-1999	mellow	0.11
1900-1999	milksweetene	0.00
1900-1999	mixable	0.00
1900-1999	modernity	0.00
1900-1999	mouthful	0.00
1900-1999	nauseate	0.00
1900-1999	nothingness	0.00
1900-1999	odorless	0.01
1900-1999	odourless	0.00
1900-1999	oily	0.00
1900-1999	palatability	0.01
1900-1999	palatable	0.85
1900-1999	palatableness	0.00
1900-1999	palatably	0.01
1900-1999	palatial	0.02
1900-1999	partake	0.52
1900-1999	partaken	0.07
1900-1999	partook	0.10
1900-1999	pea	0.00
1900-1999	peppery	0.00
1900-1999	piquancy	0.00
1900-1999	piquant	0.08
1900-1999	piquante	0.01
1900-1999	poignant	0.02
1900-1999	pungency	0.02
1900-1999	pungent	1.10
1900-1999	quaff	0.00
1900-1999	quality	0.00
1900-1999	raciness	0.00
1900-1999	racy	0.03
1900-1999	ranch	0.00
1900-1999	rancid	0.93
1900-1999	rancidity	0.24
1900-1999	rancidness	0.00
1900-1999	rancor	0.01
1900-1999	rancour	0.00
1900-1999	rank	0.12
1900-1999	rankness	0.00
1900-1999	relish	0.80
1900-1999	relishable	0.02
1900-1999	repulsive	0.00
1900-1999	resavoure	0.00
1900-1999	revolt	0.00
1900-1999	richness	0.00
1900-1999	ropy	0.00
1900-1999	salt	0.05
1900-1999	saltness	0.01
1900-1999	salty	0.04
1900-1999	sapid	0.01
1900-1999	sapidity	0.00
1900-1999	sapidness	0.00
1900-1999	sapor	0.00
1900-1999	satiate	0.00
1900-1999	satiety	0.01
1900-1999	satisfy	0.00
1900-1999	sauce	0.00
1900-1999	sauourie	0.00
1900-1999	savant	0.00
1900-1999	savor	0.20
1900-1999	savoriness	0.00
1900-1999	savorinesse	0.00
1900-1999	savorless	0.02
1900-1999	savory	0.38
1900-1999	savour	0.36
1900-1999	savouree	0.00
1900-1999	savourie	0.07
1900-1999	savouriness	0.00
1900-1999	savourless	0.01
1900-1999	savoury	1.24
1900-1999	season	4.31
1900-1999	seasonal	0.00
1900-1999	seasoning	0.00
1900-1999	semisweet	0.00
1900-1999	sesasone	0.00
1900-1999	sharp	0.24
1900-1999	sharpe	0.00
1900-1999	sharpness	0.03
1900-1999	simmer	0.00
1900-1999	sip	0.01
1900-1999	smack	0.08
1900-1999	smell	0.04
1900-1999	snack	0.00
1900-1999	sour	3.05
1900-1999	sourer	0.01
1900-1999	sourest	0.00
1900-1999	sourly	0.01
1900-1999	sourness	0.06
1900-1999	sowen	0.00
1900-1999	sower	0.18
1900-1999	sowre	0.00
1900-1999	spicy	0.18
1900-1999	stale	2.08
1900-1999	staleness	0.02
1900-1999	staler	0.00
1900-1999	sting	0.00
1900-1999	stuff	0.00
1900-1999	sugar	0.00
1900-1999	sugary	0.01
1900-1999	surfeit	0.00
1900-1999	swallow	0.03
1900-1999	sweet	9.23
1900-1999	sweete	0.02
1900-1999	sweeten	1.28
1900-1999	sweetener	0.08
1900-1999	sweetest	0.05
1900-1999	sweetish	0.01
1900-1999	sweetly	0.00
1900-1999	sweetness	0.29
1900-1999	sweetnesse	0.00
1900-1999	sweit	0.00
1900-1999	swill	0.00
1900-1999	tang	0.01
1900-1999	tart	0.10
1900-1999	tartness	0.02
1900-1999	tast	0.02
1900-1999	tastable	0.00
1900-1999	taste	12.92
1900-1999	tasteful	0.07
1900-1999	tastefully	0.20
1900-1999	tastefuly	0.00
1900-1999	tasteless	0.47
1900-1999	tastelessness	0.01
1900-1999	taster	0.01
1900-1999	tastie	0.00
1900-1999	tastily	0.00
1900-1999	tastiness	0.00
1900-1999	tasty	0.34
1900-1999	test	0.00
1900-1999	tooth	0.00
1900-1999	toothe	0.00
1900-1999	toothsome	0.18
1900-1999	triste	0.00
1900-1999	unacceptable	0.00
1900-1999	uneaten	0.01
1900-1999	unfold	0.00
1900-1999	unintereste	0.03
1900-1999	unpack	0.00
1900-1999	unpalatability	0.00
1900-1999	unpalatable	0.45
1900-1999	unpalatableness	0.00
1900-1999	unpalatial	0.00
1900-1999	unpleasant	0.05
1900-1999	unplesant	0.00
1900-1999	unsatisfye	0.01
1900-1999	unsavory	0.24
1900-1999	unsavouriness	0.00
1900-1999	unsavoury	0.26
1900-1999	unsweet	0.01
1900-1999	unsweete	0.00
1900-1999	unsweetene	0.56
1900-1999	unsweetned	0.00
1900-1999	vinegary	0.01
1900-1999	winesweet	0.00
1900-1999	zest	0.00
